sensor,mae_road_nb,mae_own,latitude,longitude
716328,2.9384938313172766,2.8815547070491365,34.06664,-118.25397
716331,4.43141954539455,4.489385497338089,34.07006,-118.26246
716337,3.1503860443090854,3.298423481916787,34.07732,-118.28186
716339,4.6573649655410705,4.842558702837606,34.07821,-118.28795
716554,3.4810972352728573,3.4680427759698693,34.15597,-118.2666
716571,1.5801720119971334,1.6420359525558144,34.2,-118.40337
716939,4.439229754602572,4.329711398972617,34.04301,-118.21724
716941,4.3361773662556695,4.331042587728904,34.05767,-118.21435
716942,3.7772366589866326,3.621218934827787,34.0593,-118.21451
716943,5.094471250569666,5.161076852644366,34.05987,-118.21492
716949,3.861199853993591,3.8552798369896344,34.08406,-118.22974
716951,3.5988334570466987,3.6133969559807935,34.08581,-118.23182
716953,3.4090292003153437,3.47974998945221,34.09458,-118.24279
716955,4.316799972072081,4.311198887581638,34.09579,-118.24427
716956,3.118110809408872,3.189306867347406,34.10658,-118.25544
716958,4.67454309326097,4.6185547709425645,34.11167,-118.26501
716960,5.307848029971607,5.449000062786171,34.12121,-118.27164
716968,3.7078247013517496,3.674613207176604,34.16588,-118.29809
717099,2.15657091003304,2.1897429587964714,34.15648,-118.24674
717445,4.414068623160823,4.294640303842216,34.06913,-118.25932
717446,4.59680464669265,4.658344362654642,34.07142,-118.26572
717447,3.140605113286694,3.2142029184433363,34.07248,-118.26772
717450,4.944410672865537,5.0418486958917175,34.07488,-118.27362
717452,3.1932123327571627,3.230616880406466,34.07502,-118.27356
717453,4.65412030005168,4.65915683246565,34.07696,-118.28093
717456,3.5153596269175873,3.576437906781239,34.08102,-118.29325
717458,4.943295876970484,5.305736080491495,34.08265,-118.29755
717459,3.058246329665245,3.2139872406254875,34.08294,-118.29729
717460,2.470640158353877,2.6039533016908023,34.08571,-118.30161
717461,4.913028488813682,5.292238336935064,34.08558,-118.30174
717462,5.049198599005308,5.401607678138428,34.08993,-118.30607
717463,2.458093867707412,2.553980404827163,34.09004,-118.3059
717465,2.7916648441782614,2.9360715711405576,34.09373,-118.30907
717466,4.991270676244759,5.197378505120556,34.09359,-118.30918
717468,4.7327002346057,4.9596166598595754,34.09699,-118.31381
717469,2.555904598101895,2.66431252560336,34.0971,-118.31366
717472,4.291265031649997,4.446781930194594,34.10045,-118.31601
717473,2.4828777477132222,2.5939996351074557,34.10054,-118.31581
717480,2.5753509896750857,2.496667963469202,34.10478,-118.32497
717481,2.3506440620362996,2.248529295049554,34.10634,-118.32826
717483,2.3476583796811856,2.3902631012358997,34.11684,-118.33698
717486,2.7343730306766725,2.852149075439429,34.12974,-118.34809
717488,2.9191594165493155,2.994738278607553,34.13561,-118.36006
717489,2.6195615548099593,2.727832049942878,34.13876,-118.36438
717490,2.25717828888755,2.3540827128814064,34.14745,-118.37124
717491,2.5040056454436885,2.2668388904725956,34.14761,-118.3711
717492,4.441022662884922,4.533528900553733,34.15459,-118.37935
717493,4.0930490311150125,4.043927871750533,34.15434,-118.39618
717495,3.96968777375317,4.043429304241047,34.15664,-118.41326
717497,3.801035613568506,3.8864422471574653,34.15685,-118.41456
717498,3.545698894738354,3.5659311947210095,34.15571,-118.43273
717499,4.260847585454908,4.210679232100494,34.15666,-118.44808
717502,3.8033825621496544,3.69512498888015,34.16521,-118.47484
717504,4.503167883944197,4.564046297535461,34.16519,-118.49166
717508,4.03495283539897,4.170297539830127,34.17112,-118.51814
717510,3.5929342704413085,3.57327002027715,34.17128,-118.51976
717513,3.3952514699657983,3.057044293876832,34.17339,-118.5368
717570,1.6807610493993608,1.6913297623849215,34.15302,-118.35921
717571,2.7419947782970846,2.8452465706929773,34.15326,-118.35921
717572,3.255278433832247,3.241965529104872,34.15351,-118.32751
717573,2.3765919945353184,2.5417929826149104,34.15384,-118.325
717576,2.2328117281662085,2.2998465254240394,34.15559,-118.2957
717578,2.4700556527016966,2.5143921440732386,34.15478,-118.27076
717580,2.3502118400757586,2.434370744216515,34.1562,-118.26359
717582,2.0983967062754427,1.8343216844349317,34.15646,-118.26092
717583,2.3558605007367794,2.366639237895774,34.15627,-118.25506
717585,1.6701191884665405,1.7320618612709553,34.15564,-118.24188
717587,1.7539872422099612,1.8177704288159902,34.15402,-118.23893
717590,2.00485995179807,2.0792750101207544,34.14929,-118.23182
717592,2.039530458005488,2.2194514997330064,34.14604,-118.2243
717595,1.4840452212653135,1.5373368999362795,34.14163,-118.1829
717608,2.2660951414411823,2.3768462399616674,34.17154,-118.38812
717610,2.0839165235807298,2.2448102769625553,34.17886,-118.39497
717804,4.382905767783562,4.251185651630459,34.09478,-118.47605
717816,3.6693759115319984,3.2565418661570966,34.15562,-118.4686
717818,2.4446222427673225,2.5422181141285556,34.1722,-118.46753
717819,2.676579773383325,2.6689955984736122,34.18784,-118.47407
717821,2.4410784388352766,2.527085224212619,34.20112,-118.47361
717823,2.8241501174063974,2.8849688096210757,34.20264,-118.47326
717825,2.682859877350973,2.592930704965572,34.22164,-118.47307
718045,5.625084321265096,5.590173870220482,34.06712,-118.23973
718064,2.5003018402512076,2.5319800452023613,34.11296,-118.24489
718066,2.0322560320583394,2.1625515456691407,34.12302,-118.22889
718072,1.6069383028328663,1.7392413228304642,34.1491,-118.2257
718076,1.4818203620084962,1.5334078195597671,34.16339,-118.2253
718089,4.265449298486225,4.391116706514939,34.12769,-118.27372
718090,3.7892519688460524,3.864650562965755,34.14847,-118.27969
718141,3.9441428521348643,3.97662219732714,34.15133,-118.37456
718204,2.3964174740175936,2.4902528756657043,34.15541,-118.29575
718371,3.3302087186454563,3.3884983931545185,34.09017,-118.23849
718379,3.9639137696400515,3.957932148451057,34.14224,-118.27812
718496,5.314179011277371,5.585145801990502,34.15403,-118.34232
718499,2.5961770812879283,2.6221045489323562,34.15469,-118.31253
737529,2.670462851543659,2.8090250250967688,34.20264,-118.47352
759591,2.8334278585363015,2.735178551391317,34.11521,-118.26825
759602,2.6320412211307427,2.4267946793797797,34.12199,-118.27178
759772,3.615468382847515,3.634255109295369,34.17115,-118.30539
760024,3.646641472556331,3.755622352377284,34.1593,-118.46483
760650,3.8205126434301366,3.6279888828761737,34.07505,-118.23256
760987,2.4519517640589594,2.5035353506307794,34.15359,-118.34043
761003,2.3992549017724585,2.4953551509239364,34.15546,-118.30841
761599,2.7201986504327698,2.550802617823582,34.14226,-118.27786
761604,4.7232377037701765,4.7803688130072794,34.15407,-118.28711
762329,1.551680262815752,1.6108868051645377,34.13904,-118.22862
763995,3.0623133293985254,2.9967003000686314,34.21979,-118.40931
764101,2.411321195773623,2.386253183613476,34.16421,-118.38246
764106,2.0864052025880646,2.2235963025690655,34.17169,-118.38801
764120,1.5776861375954774,1.5569634404597013,34.20164,-118.40366
764424,1.9065729651341636,1.9731168181543095,34.17878,-118.39469
764760,2.2521374772087577,2.268043925212442,34.13401,-118.35506
764766,2.598893683430875,2.5436481673967037,34.13338,-118.3535
764781,3.722617027017797,3.8456703185898347,34.16037,-118.47012
764794,3.882394602625129,3.918594113513458,34.16028,-118.46808
764853,4.327107673956605,4.376341017474866,34.06461,-118.25102
764858,4.090986428161663,4.249373114870225,34.1527,-118.3754
764949,2.2264736736640285,2.2232852447669873,34.12881,-118.34684
765099,3.65340197815216,3.7305944417234183,34.16378,-118.47224
765164,3.2055721928367698,3.329601661542243,34.07898,-118.28911
765171,3.605052017822049,3.309319011720603,34.16789,-118.46896
765176,2.085100550924513,2.1251848843179357,34.13286,-118.35135
765182,2.815864846158276,2.476914693937246,34.06491,-118.25126
765265,2.817167487576441,2.9257034104836483,34.18529,-118.47395
765273,4.194906884906172,4.351203795555307,34.18949,-118.47437
765604,2.2092918407880564,2.3261354621935584,34.16415,-118.38223
767053,3.4668567529032,3.306216159422498,34.17091,-118.46775
767350,2.30360634185935,2.335558592078504,34.18011,-118.47045
767351,2.144097255393921,2.194125465390348,34.18022,-118.47022
767366,2.2493210448555567,2.3759341714846074,34.21216,-118.47341
767454,1.4627286931452261,1.5098907147435925,34.14352,-118.22733
767455,1.49262333180644,1.5333634652390864,34.14347,-118.22704
767470,1.7313811377820636,1.9336879143309496,34.15699,-118.22436
767471,1.654816577572746,1.8359538047568627,34.15691,-118.22469
767494,1.910834809348795,2.044919955235585,34.10377,-118.24962
767495,1.3643722362363029,1.3177679130544921,34.10377,-118.24992
767509,2.3986213436845505,2.5692020525551156,34.11059,-118.24819
767523,1.6358503126288944,1.6945125732507889,34.11439,-118.24209
767541,1.7477838673581325,1.8297225540504063,34.11621,-118.23799
767542,2.0902230351794926,2.1588478476147985,34.11641,-118.23819
767554,1.7797436096609724,1.9222586043220544,34.11966,-118.23143
767572,1.825157584265457,1.895019583898836,34.12967,-118.22871
767573,2.0060122920883012,2.033666380421162,34.12964,-118.22901
767585,1.5060658754804086,1.508193028633878,34.16556,-118.22432
767609,1.9323866374972611,2.0847772038918504,34.18555,-118.21733
767610,1.484660241829213,1.5977131180955435,34.18555,-118.21766
767620,1.7369424617082623,1.9053247287435497,34.13486,-118.22932
767621,1.8065524294903534,1.8612265448500065,34.13486,-118.22969
767750,2.4946800242079945,2.350613323045866,34.09335,-118.20635
767751,3.350930505107213,3.2790324001714266,34.09335,-118.20616
768066,2.3740644325350586,2.3679703382201973,34.15118,-118.3748
768469,3.7845026020534056,3.6576403983248618,34.13583,-118.35993
769345,3.9989167997114654,3.936735320388463,34.15655,-118.40441
769346,3.8223336227431486,3.7239824190410387,34.15677,-118.40424
769358,4.0899009993037145,4.027438935475292,34.15679,-118.42222
769359,4.143133878074711,4.037423891434101,34.1566,-118.42216
769372,2.4861334663253443,2.5407001024664906,34.1027,-118.3173
769373,4.006915709884225,4.257464148923429,34.10262,-118.31747
769388,2.729680434410513,2.569610226632837,34.11027,-118.33441
769402,2.5658937572410534,2.6419173958552826,34.12095,-118.33911
769403,2.7721319111975125,2.739039509705209,34.12073,-118.33928
769405,2.759012003220114,2.861446335298232,34.12634,-118.34482
769418,2.4004668768785775,2.50955118798285,34.12659,-118.34465
769430,4.224356272695737,4.157577546976714,34.15818,-118.45658
769431,3.7622536722279323,3.7825716279574113,34.15843,-118.45664
769443,4.091233496940218,4.1581833195975895,34.15574,-118.43931
769444,4.130802145280835,3.9783253727992567,34.15555,-118.43908
769467,4.386034005944641,4.364532560915728,34.15451,-118.39699
769806,2.157174311201051,2.1750087436401624,34.19638,-118.18442
769819,2.4444866016133497,2.552752987039036,34.20584,-118.19803
769831,2.5415809217427223,2.6614528687265793,34.20663,-118.20101
769847,2.6875083698627007,2.788135103585403,34.20983,-118.22351
769867,3.9687712577714893,4.112653864924469,34.21846,-118.23931
769926,2.1815590870569816,2.2185594950067253,34.21356,-118.23113
769941,2.5764201428003037,2.64993900482802,34.20699,-118.20237
769953,2.6439895011807586,2.788630835472096,34.20672,-118.19992
771667,2.375739699206079,2.6197471756093687,34.07314,-118.23388
771673,2.699998407647368,2.835164329792886,34.07787,-118.22871
772140,2.992889992672259,2.908337086525027,34.16498,-118.47493
772151,4.6306842839342215,4.666626448820068,34.16928,-118.49872
772167,3.264680858026886,3.2580022875650103,34.16526,-118.47985
772168,2.729814509829237,2.75050970538461,34.16542,-118.47985
772178,4.644053191585421,4.654061856474356,34.16903,-118.49885
772513,2.971902742742209,2.773197961486851,34.06871,-118.23661
772596,3.7124134373904627,3.7483868570697596,34.17126,-118.50495
772597,4.050630797499297,4.175759845465542,34.17109,-118.50495
772669,3.4509018551979818,3.3706401202676255,34.07828,-118.22834
773012,2.632112889181711,2.691503582720496,34.0839,-118.22086
773013,3.6507568400083743,3.7344332348552456,34.08374,-118.22076
773023,3.61950236740985,3.788231655946275,34.05773,-118.24348
773024,2.687343802366277,2.46704551323979,34.05759,-118.24357
773062,3.3056358000514474,2.993448026361415,34.05368,-118.23369
773869,2.5137070393943053,2.6232759750099786,34.15497,-118.31829
773880,1.8603467171833972,1.8586575031583916,34.15367,-118.3484
773904,2.754716590847919,2.8869124512877113,34.15641,-118.30266
773906,2.5196675986800785,2.5240851205124404,34.1566,-118.30266
773916,2.827347146152076,2.8807368314934374,34.15247,-118.2852
773927,3.1562284056885757,3.17047861747181,34.15262,-118.28034
773939,5.404977590194316,5.405989565408889,34.15297,-118.37226
773953,2.7486140510163377,2.8616747216235043,34.15522,-118.29344
773954,3.331708414117776,3.453887412683581,34.15544,-118.29344
773974,2.540782749239126,2.7452583237622954,34.14559,-118.22251
773975,1.9880590606609017,2.098001308019934,34.14584,-118.22251
773995,2.116434680653075,2.319386249255968,34.14483,-118.21587
773996,1.9973725744160336,2.1502360972244308,34.14511,-118.21587
774011,1.8687358165990642,1.9729749329331308,34.14747,-118.20123
774012,1.7196734740582689,1.7566137366115913,34.14769,-118.20137
774067,4.920943261541853,5.074682089616273,34.15362,-118.28441
774204,3.3111615423686565,3.4063176840861784,34.15397,-118.34172
